{
  "train_loss": [
    2.11972677698573,
    0.9553794680382894,
    0.6175202667856684,
    0.5417218988033242,
    0.48389829877561946,
    0.44016510860171754,
    0.4111432363554234,
    0.350828170763073,
    0.34059039476423486,
    0.31493608897644404,
    0.29351247895443,
    0.2792322105961492,
    0.2704494380299561,
    0.2686386541773111,
    0.23221512123748067,
    0.21994857710802404,
    0.2276799798022434,
    0.2211863112965802
  ],
  "train_acc": [
    0.7896428571428571,
    0.86625,
    0.8933928571428571,
    0.9023214285714286,
    0.915,
    0.9210714285714285,
    0.91875,
    0.9289285714285714,
    0.9358928571428572,
    0.9378571428571428,
    0.9408928571428572,
    0.9421428571428572,
    0.9451785714285714,
    0.9460714285714286,
    0.9496428571428571,
    0.9582142857142857,
    0.9539285714285715,
    0.9510714285714286
  ],
  "val_loss": [
    0.7161369639964179,
    0.4987893327540329,
    0.3956374134837035,
    0.3927214104790941,
    0.33550916266040964,
    0.3274773289172935,
    0.2824023077271833,
    0.2888586279883153,
    0.21393009168564883,
    0.401985562158878,
    0.2272788175032895,
    0.21271237040608695,
    0.21881518326258023,
    0.21428911875401904,
    0.28009801271139584,
    0.2588443679762509,
    0.29505437702789816,
    0.2954293582029799
  ],
  "val_acc": [
    0.925,
    0.9316666666666666,
    0.9416666666666667,
    0.9416666666666667,
    0.9525,
    0.9533333333333334,
    0.9591666666666666,
    0.955,
    0.9675,
    0.9425,
    0.965,
    0.97,
    0.9658333333333333,
    0.9683333333333334,
    0.9641666666666666,
    0.9641666666666666,
    0.9616666666666667,
    0.96
  ]
}